filename,link
14099.jpg,http://assets.myntassets.com/v1/images/style/properties/1c2d217895f9a1bf02a20b09084491da_images.jpg
37934.jpg,http://assets.myntassets.com/v1/images/style/properties/1d55630904e97e224fdb47b8ee554351_images.jpg
58495.jpg,http://assets.myntassets.com/v1/images/style/properties/Tonga-Women-Printed-White-Dress_bfb2465489bfda0db48b2139c811ba87_images.jpg
40270.jpg,http://assets.myntassets.com/v1/images/style/properties/06602b68494ff8bdaf190c60191ff51f_images.jpg
35266.jpg,http://assets.myntassets.com/v1/images/style/properties/4e383718791fdd7ac45f6657e8c23460_images.jpg
29841.jpg,http://assets.myntassets.com/v1/images/style/properties/c882869230368f901ee1e64786e7644f_images.jpg
8952.jpg,http://assets.myntassets.com/v1/images/style/properties/4f23072dc2f9322cdeeae353b55edc1a_images.jpg
12303.jpg,http://assets.myntassets.com/v1/images/style/properties/a2da7fdda6f5436942eacb642a55747a_images.jpg
6599.jpg,http://assets.myntassets.com/v1/images/style/properties/328703e0437a880df3bbb13d4cc0c2b9_images.jpg
9593.jpg,http://assets.myntassets.com/v1/images/style/properties/8f46e492dc642e344a669976ad2f6966_images.jpg
42659.jpg,http://assets.myntassets.com/v1/images/style/properties/00fbf7fbdbb0b414343ed5d5a35df5b5_images.jpg
18614.jpg,http://assets.myntassets.com/v1/images/style/properties/8c623bd014dbf112c787e226cc82988c_images.jpg
33745.jpg,http://assets.myntassets.com/v1/images/style/properties/e30616c3e608396313f812b814eb05b8_images.jpg
19787.jpg,http://assets.myntassets.com/v1/images/style/properties/366c42c882f82d843382e94ed60959b5_images.jpg
34299.jpg,http://assets.myntassets.com/v1/images/style/properties/Fabindia-Women-Pink-Tussar-Dupatta_be76773840a234514fe723d1df281a8a_images.jpg
50657.jpg,http://assets.myntassets.com/v1/images/style/properties/fef18b7579aeb63556443124d4b6ffed_images.jpg
57953.jpg,http://assets.myntassets.com/v1/images/style/properties/Prafful-Multi-Coloured-Sari_82873a07c90007f4590bba0fe9e057b9_images.jpg
14743.jpg,http://assets.myntassets.com/v1/images/style/properties/82df7cbabe633f9a6d9dedd8e4a11454_images.jpg
54485.jpg,http://assets.myntassets.com/v1/images/style/properties/Hanes-Men-Pack-of-2-Briefs_bb7c6e4d58d0dbc987518becfb9230df_images.jpg
3126.jpg,http://assets.myntassets.com/v1/images/style/properties/53908f1f8c34274abe3699c5d76ab8b7_images.jpg
17548.jpg,http://assets.myntassets.com/v1/images/style/properties/e2918a48054d55dc9fe012c86a99ed87_images.jpg
9466.jpg,http://assets.myntassets.com/v1/images/style/properties/5620e44ee77d4504b243768a130279ef_images.jpg
42210.jpg,http://assets.myntassets.com/v1/images/style/properties/fa80fd520f17876fc3f1e76f47e2e63a_images.jpg
21148.jpg,http://assets.myntassets.com/v1/images/style/properties/sOliver-Women-Grey-Top_f5f9921588c9b6e3aefafea3f1aae82e_images.jpg
5884.jpg,http://assets.myntassets.com/v1/images/style/properties/b3f4145a3ea2c1ca5663b3cb003bf46d_images.jpg
43492.jpg,http://assets.myntassets.com/v1/images/style/properties/b1d53e9c0d085999bd5daf60e8417652_images.jpg
6794.jpg,http://assets.myntassets.com/v1/images/style/properties/ac940e6cb3a1505d0f90095ac15806de_images.jpg
5565.jpg,http://assets.myntassets.com/v1/images/style/properties/4ff49414f97c8d51811c2c13a757a56e_images.jpg
9420.jpg,http://assets.myntassets.com/v1/images/style/properties/870b903622093575e2ba5a5bf42489f5_images.jpg
27098.jpg,http://assets.myntassets.com/v1/images/style/properties/cbfb3f99cee496a332616fccf7699e13_images.jpg
20958.jpg,http://assets.myntassets.com/v1/images/style/properties/011fec3d386e5fc56f6f61820cb3c5e7_images.jpg
53318.jpg,http://assets.myntassets.com/v1/images/style/properties/d19d444d499024f65f1ae11270c18e39_images.jpg
21146.jpg,http://assets.myntassets.com/v1/images/style/properties/b3e12d957bbeaacce59892edb56684e5_images.jpg
50442.jpg,http://assets.myntassets.com/v1/images/style/properties/404b545052a41d946b05e5d10236dcb1_images.jpg
17189.jpg,http://assets.myntassets.com/v1/images/style/properties/7cea77a982c7d4b26f56ad81af895468_images.jpg
40432.jpg,http://assets.myntassets.com/v1/images/style/properties/51e2d26dd67eb4be6132f7a02cab4e74_images.jpg
43525.jpg,http://assets.myntassets.com/v1/images/style/properties/French-Connection-Women-Cream-Leggings_ef5c9b49fd14830aa8e9efbcd9448b09_images.jpg
41346.jpg,http://assets.myntassets.com/v1/images/style/properties/Wrangler-Men-Navy-Blue-Jeans_cb3a64b050a8342cb5275774c5eab9bc_images.jpg
30898.jpg,http://assets.myntassets.com/v1/images/style/properties/a5dc8be56a87351d3491d91055b34dc4_images.jpg
39830.jpg,http://assets.myntassets.com/v1/images/style/properties/c8a5e7314bab3b9557c09077fcd28112_images.jpg
34959.jpg,http://assets.myntassets.com/v1/images/style/properties/352792eb57e7f8b226db95c40c5c06f8_images.jpg
33507.jpg,http://assets.myntassets.com/v1/images/style/properties/e6a8460a3e2f6c07313ed504eef442fe_images.jpg
26260.jpg,http://assets.myntassets.com/v1/images/style/properties/f3b0c8f80607c34d792ee1faad5b2af6_images.jpg
53314.jpg,http://assets.myntassets.com/v1/images/style/properties/3248542c67cfe40d9a1f87a478aecc6c_images.jpg
34274.jpg,http://assets.myntassets.com/v1/images/style/properties/63d81ff8421fa2b130a1a0f139f1ef34_images.jpg
47030.jpg,http://assets.myntassets.com/v1/images/style/properties/7c1b062ed566e98556a0ebae8d5596b6_images.jpg
30639.jpg,http://assets.myntassets.com/v1/images/style/properties/33d857e153bb1a4bb46e742d7446949e_images.jpg
30480.jpg,http://assets.myntassets.com/v1/images/style/properties/9c477179c4f9896319e42076dd76cbd7_images.jpg
16330.jpg,http://assets.myntassets.com/v1/images/style/properties/608ccc76dafc3fd94957b34df6688a4b_images.jpg
14088.jpg,http://assets.myntassets.com/v1/images/style/properties/112206fe6fbe6fee10b5cf1914d5841f_images.jpg
31160.jpg,http://assets.myntassets.com/v1/images/style/properties/31822610677b069ace002d09099e61b8_images.jpg
30348.jpg,http://assets.myntassets.com/v1/images/style/properties/f0726055a503dd022c51be41425e252e_images.jpg
45959.jpg,http://assets.myntassets.com/v1/images/style/properties/Tokyo-Talkies-Women-Black-Top_55c97e877c0be2e7bb7a556fe9ad33c2_images.jpg
14749.jpg,http://assets.myntassets.com/v1/images/style/properties/229f67384c40ff4ef661ee4d72745036_images.jpg
40934.jpg,http://assets.myntassets.com/v1/images/style/properties/3f8bd2857ec6eae50e6fad34024acf62_images.jpg
30938.jpg,http://assets.myntassets.com/v1/images/style/properties/44efe86eba2899a6d0e17d527ebb1e13_images.jpg
57961.jpg,http://assets.myntassets.com/v1/images/style/properties/Prafful-Women-Multi-Coloured-Sari_82607f83f133913af4167094b5354247_images.jpg
17181.jpg,http://assets.myntassets.com/v1/images/style/properties/8e866ebd238d94e0942fc24ea568b4ca_images.jpg
30746.jpg,http://assets.myntassets.com/v1/images/style/properties/133a6d2059a83636fb04f41b840b6356_images.jpg
24090.jpg,http://assets.myntassets.com/v1/images/style/properties/5f839c6ddca34d8c417e1833e7fc0839_images.jpg
23965.jpg,http://assets.myntassets.com/v1/images/style/properties/364e9bfe519ffc0a6371eee3868c00b6_images.jpg
54589.jpg,http://assets.myntassets.com/v1/images/style/properties/Sushilas-Women-Printed-Green-Kurta_c1dcf40a608f24ff344ff6d826f3a921_images.jpg
31455.jpg,http://assets.myntassets.com/v1/images/style/properties/aa83ec650c04616d2e1852109219e0af_images.jpg
7143.jpg,http://assets.myntassets.com/v1/images/style/properties/c5d4d0a58ddd47f32fb81bf9051281e2_images.jpg
40494.jpg,http://assets.myntassets.com/v1/images/style/properties/3c9dc7aad6323ea2e7f3d4ec3ace9176_images.jpg
16217.jpg,http://assets.myntassets.com/v1/images/style/properties/47aa1878cf3224e56bb1e3f9d5c269d6_images.jpg
31908.jpg,http://assets.myntassets.com/v1/images/style/properties/cb080f802559c324e90c9aed54484560_images.jpg
4323.jpg,http://assets.myntassets.com/v1/images/style/properties/ade52dd2a43a90296400eb3c4a554e6a_images.jpg
33080.jpg,http://assets.myntassets.com/v1/images/style/properties/b7ba2ffb50a2488156ace9d003516a84_images.jpg
59601.jpg,http://assets.myntassets.com/v1/images/style/properties/FNF-Brown-Collection-for-Wedding-Sari_f5872163fa4a76d944bbd0f53e2e1294_images.jpg
20150.jpg,http://assets.myntassets.com/v1/images/style/properties/15b09a6585b9f6897bb100cc4221a936_images.jpg
41141.jpg,http://assets.myntassets.com/v1/images/style/properties/Allen-Solly-Woman-Blue-Dress_99353e5867259faba5df7f628ce99779_images.jpg
4725.jpg,http://assets.myntassets.com/v1/images/style/properties/4ca69a4eca3ee9d6c820b4e2ef354833_images.jpg
19170.jpg,http://assets.myntassets.com/v1/images/style/properties/0e6787f9851661dcd1b5454d029be6e7_images.jpg
27555.jpg,http://assets.myntassets.com/v1/images/style/properties/4817686bd516ebcaef0b9893dfcadb16_images.jpg
48501.jpg,http://assets.myntassets.com/v1/images/style/properties/bd3af154f8b124715d7fba4a49583154_images.jpg
16361.jpg,http://assets.myntassets.com/v1/images/style/properties/9eb242530f597631a641415ccee785eb_images.jpg
2133.jpg,http://assets.myntassets.com/v1/images/style/properties/d6d9fcdeee63a509ec5e74a54eee602b_images.jpg
36217.jpg,http://assets.myntassets.com/v1/images/style/properties/7b3da832a680c583a16437cb72998447_images.jpg
10789.jpg,http://assets.myntassets.com/v1/images/style/properties/03185cb396e3ec9c244fb3827f3c076e_images.jpg
25840.jpg,http://assets.myntassets.com/v1/images/style/properties/610cfb3f22b7bac179e8a41851d08dbc_images.jpg
6795.jpg,http://assets.myntassets.com/v1/images/style/properties/8b6016cb57be5225090c31def14984f2_images.jpg
13345.jpg,http://assets.myntassets.com/v1/images/style/properties/3764c3a6e561b4c6fec22f9df91ab4e9_images.jpg
6985.jpg,http://assets.myntassets.com/v1/images/style/properties/ea5023921baf3ea1c0e22f1189732fdb_images.jpg
58216.jpg,http://assets.myntassets.com/v1/images/style/properties/Shree-Women-Multi-Coloured-Patiala_c176d7db33bc07ca53e30a63d70c7f5a_images.jpg
51486.jpg,http://assets.myntassets.com/v1/images/style/properties/5d4d8d9b6e7c3d6893995e558cfd3412_images.jpg
4992.jpg,http://assets.myntassets.com/v1/images/style/properties/4a65cc9c9a8c4bd6bb08f113e3b7b070_images.jpg
31281.jpg,http://assets.myntassets.com/v1/images/style/properties/9b56fb40d961fdd5d5bffcfede93eb09_images.jpg
41966.jpg,http://assets.myntassets.com/v1/images/style/properties/a002a7f9cd643d2fca06f7852e1c32c2_images.jpg
19403.jpg,http://assets.myntassets.com/v1/images/style/properties/ecbd614df48dff5861afad623834af9b_images.jpg
48395.jpg,http://assets.myntassets.com/v1/images/style/properties/ad23fd7817772e05e07ed97c6490da61_images.jpg
6506.jpg,http://assets.myntassets.com/v1/images/style/properties/df36916e7f555d3470a7b8988b95d8e4_images.jpg
53744.jpg,http://assets.myntassets.com/v1/images/style/properties/Adidas-Women-Grey-Capris_ab4a3f3033bcdcf63eccbf2828e31963_images.jpg
10073.jpg,http://assets.myntassets.com/v1/images/style/properties/e23ec316027fea04777a336ef8091706_images.jpg
1895.jpg,http://assets.myntassets.com/v1/images/style/properties/bc0df424210a1fc4961ad53f7a403d5c_images.jpg
16808.jpg,http://assets.myntassets.com/v1/images/style/properties/44843a0028c6f720261e3e57b7b17331_images.jpg
54334.jpg,http://assets.myntassets.com/v1/images/style/properties/Tokyo-Talkies-Women-Blue-Jeans_de6afa4d827e9dfc2dd84618fe7946d6_images.jpg
13515.jpg,http://assets.myntassets.com/v1/images/style/properties/4a990a9d990f05ec285fba90937ffbfc_images.jpg
56294.jpg,http://assets.myntassets.com/v1/images/style/properties/Biara-Women-Rose-Bra_d611f8591a77d697687c828a039c9de7_images.jpg
27885.jpg,http://assets.myntassets.com/v1/images/style/properties/Scullers-For-Her-Women-Blue-Woven-Shirt_904960bbe8bbb52ba0c35ae8115910eb_images.jpg
51368.jpg,http://assets.myntassets.com/v1/images/style/properties/53cd23a6b0c8f13fd38f2493bbbee938_images.jpg
46344.jpg,http://assets.myntassets.com/v1/images/style/properties/a27199810939b67ab3ee658cdaaf881d_images.jpg
22792.jpg,http://assets.myntassets.com/v1/images/style/properties/4f111dea9084b0cf259bd32a349bed08_images.jpg
43701.jpg,http://assets.myntassets.com/v1/images/style/properties/54afd3fb31e0cea9d975fa4a54aba736_images.jpg
49635.jpg,http://assets.myntassets.com/v1/images/style/properties/3106e222bdd757f02897dda6d43a5359_images.jpg
40059.jpg,http://assets.myntassets.com/v1/images/style/properties/34d44cb6ab3968e6e8f2539d85599b11_images.jpg
6253.jpg,http://assets.myntassets.com/v1/images/style/properties/e970b3c2079952604481547b2fc6afdf_images.jpg
13877.jpg,http://assets.myntassets.com/v1/images/style/properties/704ffb8c6c7bad843aaf5423eedc1b80_images.jpg
5777.jpg,http://assets.myntassets.com/v1/images/style/properties/048bc2bbccae28c98b314cd57b592db7_images.jpg
2400.jpg,http://assets.myntassets.com/v1/images/style/properties/f91d9435571c23388265b94ade6893f1_images.jpg
22632.jpg,http://assets.myntassets.com/v1/images/style/properties/396b021228d905de63964df31c87d7e0_images.jpg
9422.jpg,http://assets.myntassets.com/v1/images/style/properties/1e6d9e77cff46052f225f3c7c8a4e143_images.jpg
27492.jpg,http://assets.myntassets.com/v1/images/style/properties/42d5996ba25980a19b5d44651561cf1c_images.jpg
13736.jpg,http://assets.myntassets.com/v1/images/style/properties/9f99841d49f14aeda6ba34ece9ee9ac7_images.jpg
33295.jpg,http://assets.myntassets.com/v1/images/style/properties/29f820def8847939e177906194b3b27a_images.jpg
33250.jpg,http://assets.myntassets.com/v1/images/style/properties/ed61f5eea0ca2f92f1ab9c526360c6b1_images.jpg
54712.jpg,http://assets.myntassets.com/v1/images/style/properties/Shree-Women-Black-and-White-Salwar-Suit_90255ea5650712732a0858f8c3fbc1e2_images.jpg
29823.jpg,http://assets.myntassets.com/v1/images/style/properties/20e0ff63e4b95b7ca85214dea6621de1_images.jpg
52255.jpg,http://assets.myntassets.com/v1/images/style/properties/Crusoe-Men-Blue-Gypsy-Trunks_f43cb3fa3121deeec01db714eb0aa374_images.jpg
44675.jpg,http://assets.myntassets.com/v1/images/style/properties/4d507c090f4d09e3c2edf72d6bc0c9eb_images.jpg
4744.jpg,http://assets.myntassets.com/v1/images/style/properties/cae1afe2f86edf8ac025080e8e867f3a_images.jpg
30916.jpg,http://assets.myntassets.com/v1/images/style/properties/a261d25fadbe0e74882ef2106cee6998_images.jpg
57816.jpg,http://assets.myntassets.com/v1/images/style/properties/United-Colors-of-Benetton-Women-Brown-Top_6369f63bfbde8155f66833547f6097a7_images.jpg
2193.jpg,http://assets.myntassets.com/v1/images/style/properties/78eeac463fa60bbd3d5e154373774cde_images.jpg
25826.jpg,http://assets.myntassets.com/v1/images/style/properties/d9ba470d3c504b598d2b3a95faecd12e_images.jpg
9255.jpg,http://assets.myntassets.com/v1/images/style/properties/00032c68471193c79d78d175ea5eea76_images.jpg
8163.jpg,http://assets.myntassets.com/v1/images/style/properties/dc6b56eadbc57d50893031fd3909abe0_images.jpg
8597.jpg,http://assets.myntassets.com/v1/images/style/properties/8f023e612e0405af31cfdc82b55a001c_images.jpg
39455.jpg,http://assets.myntassets.com/v1/images/style/properties/945f6b60f0b1565543f9a03e5dcbb170_images.jpg
22754.jpg,http://assets.myntassets.com/v1/images/style/properties/45da3e4aa69039b0544a8595cfcd99e3_images.jpg
52113.jpg,http://assets.myntassets.com/v1/images/style/properties/386366d99ce6dbf1165658461a5ac932_images.jpg
59984.jpg,http://assets.myntassets.com/v1/images/style/properties/Avirate-Women-Purple-Dress_5dcf069e05157d88a24a3e01ddbe3dcb_images.jpg
40566.jpg,http://assets.myntassets.com/v1/images/style/properties/dc44e6ffdc39cb45bb89f26388e45eb7_images.jpg
34565.jpg,http://assets.myntassets.com/v1/images/style/properties/7bfde522edea69be4e756a74017c6044_images.jpg
11732.jpg,http://assets.myntassets.com/v1/images/style/properties/028c7412377a87885548c80cd9d680de_images.jpg
9503.jpg,http://assets.myntassets.com/v1/images/style/properties/056fa8de880641b7da9545f655ba3b0b_images.jpg
22801.jpg,http://assets.myntassets.com/v1/images/style/properties/295049e90d1f5c99b0721ffa941b7f17_images.jpg
54305.jpg,http://assets.myntassets.com/v1/images/style/properties/Garfield-Women-Grey-Melange-Bra_7989d3f1fcfbf11f2aeda4ddd9a32d00_images.jpg
3811.jpg,http://assets.myntassets.com/v1/images/style/properties/cad3edb08d06372c94c9146fa7f9f381_images.jpg
24773.jpg,http://assets.myntassets.com/v1/images/style/properties/f4c9cfce4b227f5bdc7c060259b90e8e_images.jpg
33578.jpg,http://assets.myntassets.com/v1/images/style/properties/ceed2dafb882454ed16741dc5ff0b360_images.jpg
11387.jpg,http://assets.myntassets.com/v1/images/style/properties/9270df10472eb844608f40888d425281_images.jpg
22750.jpg,http://assets.myntassets.com/v1/images/style/properties/ea77292dfb33a63e6de49f9731b6ae51_images.jpg
30717.jpg,http://assets.myntassets.com/v1/images/style/properties/e61e78a38455ba9c619bbbe1e9015cfc_images.jpg
9608.jpg,http://assets.myntassets.com/v1/images/style/properties/f3e1f367e5b26a22fefc75511ec36e49_images.jpg
27088.jpg,http://assets.myntassets.com/v1/images/style/properties/ff3424743c7911d3d4b9ff61565138f9_images.jpg
15794.jpg,http://assets.myntassets.com/v1/images/style/properties/Facit-Men-Briefs_1a78d33631f9cbd79fd32f202108267e_images.jpg
36551.jpg,http://assets.myntassets.com/v1/images/style/properties/AND-by-Anita-Dongre-Women-White-Top_b4ebd23a20a2538bda1df56dd3973e44_images.jpg
40622.jpg,http://assets.myntassets.com/v1/images/style/properties/5fa7e79d8bcfe7a95fa78a0953ef0e74_images.jpg
42244.jpg,http://assets.myntassets.com/v1/images/style/properties/de23b2bc2b72283088dfa287f12a99a4_images.jpg
31090.jpg,http://assets.myntassets.com/v1/images/style/properties/d05fbaab67782fccbcbe4ec8d1d77ed7_images.jpg
11600.jpg,http://assets.myntassets.com/v1/images/style/properties/8a8d84c9f7d8699a7817deeb9c2dd86f_images.jpg
25504.jpg,http://assets.myntassets.com/v1/images/style/properties/5df6d925769044657cd5b801e88cde80_images.jpg
16907.jpg,http://assets.myntassets.com/v1/images/style/properties/d6497a7474b0dd3d2a5c4857a72b272f_images.jpg
39347.jpg,http://assets.myntassets.com/v1/images/style/properties/Mr-Men-Men-Purple-T-shirt_ad883d7fb89f185dd4d532bd54ff7c57_images.jpg
6069.jpg,http://assets.myntassets.com/v1/images/style/properties/836ef9c20d46ba7619dade1a790948d1_images.jpg
14659.jpg,http://assets.myntassets.com/v1/images/style/properties/1862d11e53911a6cf3552e31326b3639_images.jpg
24169.jpg,http://assets.myntassets.com/v1/images/style/properties/35469e94b939fba358d85562d7a28f0b_images.jpg
11774.jpg,http://assets.myntassets.com/v1/images/style/properties/5bbeb0985e9ec3607f1cb6e5f35d04f3_images.jpg
8857.jpg,http://assets.myntassets.com/v1/images/style/properties/daf33c658fa7c58f4319a9e5f0a55f1f_images.jpg
16906.jpg,http://assets.myntassets.com/v1/images/style/properties/31f4ab34ebfda29ab98bd4bac181e004_images.jpg
36558.jpg,http://assets.myntassets.com/v1/images/style/properties/ca2e9fdcbd51235aa3cae4656d7b78b1_images.jpg
34341.jpg,http://assets.myntassets.com/v1/images/style/properties/3e5c783456ac4a24247f619eb3116634_images.jpg
9756.jpg,http://assets.myntassets.com/v1/images/style/properties/daf064ed67d1ec2ddc3325000b051735_images.jpg
18980.jpg,http://assets.myntassets.com/v1/images/style/properties/385b8aa073a26c3ac639e4051b94e5c2_images.jpg
48385.jpg,http://assets.myntassets.com/v1/images/style/properties/c12da558496395fa9ba1fece45d06493_images.jpg
42980.jpg,http://assets.myntassets.com/v1/images/style/properties/5b4f12517c66395827c8bf3f4e4b8336_images.jpg
34331.jpg,http://assets.myntassets.com/v1/images/style/properties/f31a2506558cbd4ba6f65b2d94cc5206_images.jpg
22600.jpg,http://assets.myntassets.com/v1/images/style/properties/080c85866b41ad19d4d1a26508a038ba_images.jpg
33940.jpg,http://assets.myntassets.com/v1/images/style/properties/d90c17f27fd19218c1890fdbc6cef59e_images.jpg
2478.jpg,http://assets.myntassets.com/v1/images/style/properties/46e676f5d5e069ec9afa5d4305a9fc6f_images.jpg
32623.jpg,http://assets.myntassets.com/v1/images/style/properties/81b1034325f610c9f6a884a068329ff8_images.jpg
43488.jpg,http://assets.myntassets.com/v1/images/style/properties/110f461d85b765fe134a500547a76a7f_images.jpg
19408.jpg,http://assets.myntassets.com/v1/images/style/properties/22ea07a6955fcfa096a212e9e1bcd018_images.jpg
5154.jpg,http://assets.myntassets.com/v1/images/style/properties/22d1731c86d904f3d4a9e75cbccdfb27_images.jpg
54081.jpg,http://assets.myntassets.com/v1/images/style/properties/Mumbai-Slang-Women-Red-Kurta_f8a2078da13c376725352844b5e81d31_images.jpg
25396.jpg,http://assets.myntassets.com/v1/images/style/properties/Levis-Men-White-Innerwear-Vest-403_f2620a9354350c493f13f4dd38a4723a_images.jpg
13296.jpg,http://assets.myntassets.com/v1/images/style/properties/d2b747b7cb481f365df007d47abaa01a_images.jpg
13524.jpg,http://assets.myntassets.com/v1/images/style/properties/f20893f1200da46df7fa7ba8599150af_images.jpg
9600.jpg,http://assets.myntassets.com/v1/images/style/properties/6824a895677af37467627e0cf8a9aaf2_images.jpg
59918.jpg,http://assets.myntassets.com/v1/images/style/properties/DIVA-Women-Multi-Coloured-Kurti_dd5ded9b73bb034e7fb690b6f6f9f863_images.jpg
16428.jpg,http://assets.myntassets.com/v1/images/style/properties/0eaf2925188dc6c53543e4d09aee4abd_images.jpg
26479.jpg,http://assets.myntassets.com/v1/images/style/properties/6aa28f0168754355328705fba021f616_images.jpg
12667.jpg,http://assets.myntassets.com/v1/images/style/properties/ed4fab1160e40d11564c8c0c1f961d02_images.jpg
9266.jpg,http://assets.myntassets.com/v1/images/style/properties/eb4f7552fb100853af1645329b27d5c6_images.jpg
24395.jpg,http://assets.myntassets.com/v1/images/style/properties/e78254b2c64e20e813c1d62d26e49cf0_images.jpg
3481.jpg,http://assets.myntassets.com/v1/images/style/properties/8c285852b5a0081dd9555108c2f53fe2_images.jpg
17801.jpg,http://assets.myntassets.com/v1/images/style/properties/295b26d9ff6eb325d005051227687534_images.jpg
14755.jpg,http://assets.myntassets.com/v1/images/style/properties/980c35f7d97decc763d45a68fbb1f5f4_images.jpg
3727.jpg,http://assets.myntassets.com/v1/images/style/properties/bf5868989b4ea472032016c34b8b2c58_images.jpg
8497.jpg,http://assets.myntassets.com/v1/images/style/properties/153997b1744c5fe253a82324c465e8af_images.jpg
60000.jpg,http://assets.myntassets.com/v1/images/style/properties/Alma-Women-Blue-Kurta_c5508a0aa7893889c7db92c7c46ae461_images.jpg
28959.jpg,http://assets.myntassets.com/v1/images/style/properties/611e26fd7f4a0f264436f55a410b1f49_images.jpg
7211.jpg,http://assets.myntassets.com/v1/images/style/properties/8ce7b13b95108f5fda7e7a2d496dfa5f_images.jpg
3884.jpg,http://assets.myntassets.com/v1/images/style/properties/629697ca7e41737c5e31bf4a4a378f72_images.jpg
35970.jpg,http://assets.myntassets.com/v1/images/style/properties/e6e3518b86edb008c7c94dad505e9052_images.jpg
22048.jpg,http://assets.myntassets.com/v1/images/style/properties/90eb0f3448d99bb8f2d41c243e9839df_images.jpg
44807.jpg,http://assets.myntassets.com/v1/images/style/properties/b304b8eac174c761fea48bee91929429_images.jpg
37937.jpg,http://assets.myntassets.com/v1/images/style/properties/4bdf06f07e4c91108bd07f5eadb5c517_images.jpg
3936.jpg,http://assets.myntassets.com/v1/images/style/properties/48c7baa27e9e3766ed2e3f5327377c5b_images.jpg
47047.jpg,http://assets.myntassets.com/v1/images/style/properties/4fc8b8a7fd0920d3e8ca5e2b85bd377e_images.jpg
52547.jpg,http://assets.myntassets.com/v1/images/style/properties/2da7b74acdb15c46c2066579c00a4e90_images.jpg
22373.jpg,http://assets.myntassets.com/v1/images/style/properties/33f92ee87bc680c0808665097d50c32a_images.jpg
58675.jpg,http://assets.myntassets.com/v1/images/style/properties/ALayna-Women-Multi-Coloured-Kurta_e9b8360d1ce5c7a4f2d7f2af9aacf17c_images.jpg
50604.jpg,http://assets.myntassets.com/v1/images/style/properties/64a8b414437e4c62b8828393c60a4038_images.jpg
9475.jpg,http://assets.myntassets.com/v1/images/style/properties/d63887b38853af07937f82c76ba3dabb_images.jpg
23131.jpg,http://assets.myntassets.com/v1/images/style/properties/128aa08d6ca2c848a851ff9889f41f62_images.jpg
6954.jpg,http://assets.myntassets.com/v1/images/style/properties/eb90c63269d78703d5d96d0738a95658_images.jpg
39793.jpg,http://assets.myntassets.com/v1/images/style/properties/652a3c4167caf1e351b98b38d8316a05_images.jpg
31173.jpg,http://assets.myntassets.com/v1/images/style/properties/1a925d00403aaec9fb6aa68e6795bf22_images.jpg
4307.jpg,http://assets.myntassets.com/v1/images/style/properties/31974c1ccfbc5a729da28b264dec6127_images.jpg
36266.jpg,http://assets.myntassets.com/v1/images/style/properties/c4adf7567facc24840e02d84a88c9a9c_images.jpg
53754.jpg,http://assets.myntassets.com/v1/images/style/properties/Adidas-Men-Olive-Jacket_0b09c63c5cb49f1f456aedc44d0456ea_images.jpg
9305.jpg,http://assets.myntassets.com/v1/images/style/properties/06ec67dfe47f0b7f69a8e21478a5e620_images.jpg
20299.jpg,http://assets.myntassets.com/v1/images/style/properties/d7aa15824ffd3f546b513c82b51df22a_images.jpg
16423.jpg,http://assets.myntassets.com/v1/images/style/properties/f092771e2d64aafa4e4ef96fe1911ac2_images.jpg
27456.jpg,http://assets.myntassets.com/v1/images/style/properties/fa11845ef5953997be6e4ea9c67b4e05_images.jpg
57077.jpg,http://assets.myntassets.com/v1/images/style/properties/Elle-Women-Blue-Jeans_31e42526719e6773df15d9ad7c0abdab_images.jpg
52091.jpg,http://assets.myntassets.com/v1/images/style/properties/00dfe9007c77da2eaa4d807dc261d3ab_images.jpg
2783.jpg,http://assets.myntassets.com/v1/images/style/properties/548d15b98ce80b542be36bbe80fa481c_images.jpg
38825.jpg,http://assets.myntassets.com/v1/images/style/properties/9332a6c101a9aa2f89d31c3910eebf9d_images.jpg
14529.jpg,http://assets.myntassets.com/v1/images/style/properties/f4b5c5f19cd2b88c38970c6ceb8b2e34_images.jpg
11090.jpg,http://assets.myntassets.com/v1/images/style/properties/c8a10db8d18e4513b97cd10d42aa1aa3_images.jpg
14037.jpg,http://assets.myntassets.com/v1/images/style/properties/c2984f58de4e666b5a3fe6a3b8e36f23_images.jpg
23141.jpg,http://assets.myntassets.com/v1/images/style/properties/eb9735205d818f6dfa5bc2ade684bc4a_images.jpg
59880.jpg,http://assets.myntassets.com/v1/images/style/properties/Femella-Women-Black-Stockings_465a530f954fa85f95a1c027cccc48b4_images.jpg
3738.jpg,http://assets.myntassets.com/v1/images/style/properties/305d36c3e6a63b8928dbe79176d3117c_images.jpg
3875.jpg,http://assets.myntassets.com/v1/images/style/properties/7d50c0743c29a23ad283ca2dcf8877a6_images.jpg
39414.jpg,http://assets.myntassets.com/v1/images/style/properties/US-Polo-Assn-Men-Shirts_7ab8aa51b5b0ffac701b9d5c7a704b0d_images.jpg
53048.jpg,http://assets.myntassets.com/v1/images/style/properties/Fashion-N-Fabrics-Multi-Coloured-Sari_a627be7124e59cc059132b08a94b8bd0_images.jpg
22336.jpg,http://assets.myntassets.com/v1/images/style/properties/b59937e3687656b2291d07a27be95f39_images.jpg
3426.jpg,http://assets.myntassets.com/v1/images/style/properties/e943213c440da2e7d30069e4f2f600ba_images.jpg
22228.jpg,http://assets.myntassets.com/v1/images/style/properties/bcc29aa88b5c750e19b6ce6184cca1f6_images.jpg
30607.jpg,http://assets.myntassets.com/v1/images/style/properties/13edb93c62415d01c0b2f36cd768d763_images.jpg
14102.jpg,http://assets.myntassets.com/v1/images/style/properties/a658f5d57feba010f290e44893c25fab_images.jpg
19667.jpg,http://assets.myntassets.com/v1/images/style/properties/9352fb63943dcb71357ae2a971ec8218_images.jpg
40983.jpg,http://assets.myntassets.com/v1/images/style/properties/c7b223c669e7a5cded10f449878b520c_images.jpg
2335.jpg,http://assets.myntassets.com/v1/images/style/properties/222e20af590f53c80ccfa9dd173e80fa_images.jpg
7491.jpg,http://assets.myntassets.com/v1/images/style/properties/73ffb17fff01883c64282521d7608966_images.jpg
8395.jpg,http://assets.myntassets.com/v1/images/style/properties/22b159099b3bf3be6a525274dc2338b2_images.jpg
11565.jpg,http://assets.myntassets.com/v1/images/style/properties/abe15a9bb542c39abf78091f6dcaeae4_images.jpg
8187.jpg,http://assets.myntassets.com/v1/images/style/properties/f8e7187e5827951e4e9076a602376d02_images.jpg
3206.jpg,http://assets.myntassets.com/v1/images/style/properties/65d965464f0b26eb8a0904f28f8db387_images.jpg
20147.jpg,http://assets.myntassets.com/v1/images/style/properties/ad43e6cbc537066146d0558eff93aa76_images.jpg
9772.jpg,http://assets.myntassets.com/v1/images/style/properties/24e6fa5d66085ba7d53b6d58472e3e63_images.jpg
32466.jpg,http://assets.myntassets.com/v1/images/style/properties/5c8647e75b61ab88c4162130a1a3fabf_images.jpg
56420.jpg,http://assets.myntassets.com/v1/images/style/properties/Biara-Women-White-Bra_2a02e85ef87911bab81fd17b20d930b7_images.jpg
17626.jpg,http://assets.myntassets.com/v1/images/style/properties/20bc94bec9307d938e513f430c2b4396_images.jpg
51008.jpg,http://assets.myntassets.com/v1/images/style/properties/Enamor-Women-Purple-Bra_2f2c64465f974916557e0772344a91dd_images.jpg
10006.jpg,http://assets.myntassets.com/v1/images/style/properties/74f42a1523d450362f6579f96b64b608_images.jpg
28096.jpg,http://assets.myntassets.com/v1/images/style/properties/be61325badad414bbb2c87b1f00ed313_images.jpg
32378.jpg,http://assets.myntassets.com/v1/images/style/properties/af5d2eeb8bfeda8365cc05fcf7433eb7_images.jpg
40264.jpg,http://assets.myntassets.com/v1/images/style/properties/5b4b93a777d1c6a8eafb6950b50f77c5_images.jpg
33752.jpg,http://assets.myntassets.com/v1/images/style/properties/6b99e483b4dbb802a118554461bfc31b_images.jpg
7186.jpg,http://assets.myntassets.com/v1/images/style/properties/e07746b2e2a09023df3a2e06745d524e_images.jpg
33746.jpg,http://assets.myntassets.com/v1/images/style/properties/74bdd62dc201aa5eca81c2c2d2a403f0_images.jpg
27454.jpg,http://assets.myntassets.com/v1/images/style/properties/36bd551d0d5aa21ef0c30e3ba9fe6c88_images.jpg
31874.jpg,http://assets.myntassets.com/v1/images/style/properties/Fabindia-Women-Blue-Dupatta_5a8bc213405d9f856f03f204b287f7a8_images.jpg
17171.jpg,http://assets.myntassets.com/v1/images/style/properties/2fbc2c1626aeec1c20aa901708158e81_images.jpg
48402.jpg,http://assets.myntassets.com/v1/images/style/properties/5af6876bba847786f19cdab5c26906b7_images.jpg
3285.jpg,http://assets.myntassets.com/v1/images/style/properties/ee08a4e3e4db67383782983c9c33fdd4_images.jpg
17894.jpg,http://assets.myntassets.com/v1/images/style/properties/f5eabe2727de1b024a770e978953562f_images.jpg
7889.jpg,http://assets.myntassets.com/v1/images/style/properties/997d2cb36029355abd9eafa763c8e5b8_images.jpg
22616.jpg,http://assets.myntassets.com/v1/images/style/properties/4d80acadaf598c5cccd2c0e77bd2b67e_images.jpg
22326.jpg,http://assets.myntassets.com/v1/images/style/properties/c141b992205a03db5d6c3f3573af66bf_images.jpg
6128.jpg,http://assets.myntassets.com/v1/images/style/properties/6de9f8f0b70ebe62b2c1af9c702ca0e5_images.jpg
7201.jpg,http://assets.myntassets.com/v1/images/style/properties/bf9583ad6ef6ca2485e633c7d57bf6ac_images.jpg
40130.jpg,http://assets.myntassets.com/v1/images/style/properties/94578e0e1a9c20949c6fc2d638cf101e_images.jpg
30410.jpg,http://assets.myntassets.com/v1/images/style/properties/848fd60d88e65937ef210a1218e7f821_images.jpg
8550.jpg,http://assets.myntassets.com/v1/images/style/properties/320aecd9d81c482d3e1d126330c77236_images.jpg
57023.jpg,http://assets.myntassets.com/v1/images/style/properties/Jockey-Men-Brown-Rio-Brief_e5665fa2ce11ffd2fe9955a7a9c2108b_images.jpg
43628.jpg,http://assets.myntassets.com/v1/images/style/properties/733eb922976affa38c2449b7daf42f1f_images.jpg
7535.jpg,http://assets.myntassets.com/v1/images/style/properties/db414aa2ae7194da578f3241cd4d799e_images.jpg
7815.jpg,http://assets.myntassets.com/v1/images/style/properties/ddd3fcbee5df1edc8f806df3182d70dd_images.jpg
12284.jpg,http://assets.myntassets.com/v1/images/style/properties/d0334482f04bdbfad235032d29412823_images.jpg
22070.jpg,http://assets.myntassets.com/v1/images/style/properties/cd6e5988a4351d2527d8f89842ff8855_images.jpg
15989.jpg,http://assets.myntassets.com/v1/images/style/properties/4987205d0bd19374177838700f498e03_images.jpg
15788.jpg,http://assets.myntassets.com/v1/images/style/properties/607847d1f1bad7eb39981bf395a6e67a_images.jpg
33762.jpg,http://assets.myntassets.com/v1/images/style/properties/9c60199a89db151cb4e70e0ce58ad723_images.jpg
7635.jpg,http://assets.myntassets.com/v1/images/style/properties/3b304da1d070a8ea18e138adb1a7cd43_images.jpg
11457.jpg,http://assets.myntassets.com/v1/images/style/properties/d1e23837305048191b5b95976065a526_images.jpg
7909.jpg,http://assets.myntassets.com/v1/images/style/properties/eeba944ba939355954cf950c37eb0cc6_images.jpg
27870.jpg,http://assets.myntassets.com/v1/images/style/properties/Scullers-For-Her-Women-White-Striped-Shirt_b4833b5129730298114c075d80980d96_images.jpg
19639.jpg,http://assets.myntassets.com/v1/images/style/properties/707458e92b7cb523aabffd04c6f7a797_images.jpg
55809.jpg,http://assets.myntassets.com/v1/images/style/properties/SDL-by-Sweet-Dreams-Women-Pink---Purple-Pyjama-Set_efb1f5520f3af03d3bcb55de973334cd_images.jpg
11244.jpg,http://assets.myntassets.com/v1/images/style/properties/303cb59a474c805b8052d332d112c6c7_images.jpg
11117.jpg,http://assets.myntassets.com/v1/images/style/properties/f34d2bfc63969ccdf5fe45435b49c41b_images.jpg
32227.jpg,http://assets.myntassets.com/v1/images/style/properties/05bb9cc1f089808f65ea47b0201f4fc3_images.jpg
29667.jpg,http://assets.myntassets.com/v1/images/style/properties/c6fd11b589f79c61b81310a73caf7e44_images.jpg
33280.jpg,http://assets.myntassets.com/v1/images/style/properties/Gini-and-Jony-Kids-Unisex-Blue-Jeans_4a55d6a14e2db5f82cd64b3aa1972088_images.jpg
27500.jpg,http://assets.myntassets.com/v1/images/style/properties/967a359788fe51c2f11edab060fc1fae_images.jpg
38959.jpg,http://assets.myntassets.com/v1/images/style/properties/262fe68551c4c8661248e21bb61f3f17_images.jpg
44287.jpg,http://assets.myntassets.com/v1/images/style/properties/e1efbbd4b23b4ec413d1ae6e9c001d39_images.jpg
9793.jpg,http://assets.myntassets.com/v1/images/style/properties/b19a87acc9a5f090d62df50722258d5f_images.jpg
3749.jpg,http://assets.myntassets.com/v1/images/style/properties/6713d48f941ab539e43f01957fab45ba_images.jpg
28979.jpg,http://assets.myntassets.com/v1/images/style/properties/87eff232e0e049717dc73483bedd6f00_images.jpg
17557.jpg,http://assets.myntassets.com/v1/images/style/properties/79d5ad871a03dee86e4aafc1eac909bf_images.jpg
15109.jpg,http://assets.myntassets.com/v1/images/style/properties/385ad6685a4bed3760be4413dfd5f570_images.jpg
3789.jpg,http://assets.myntassets.com/v1/images/style/properties/80d2bd2c9c32c5433f1fc94825815cca_images.jpg
20234.jpg,http://assets.myntassets.com/v1/images/style/properties/911ab9ee89d8b5f8881d9429d70b2b23_images.jpg
2843.jpg,http://assets.myntassets.com/v1/images/style/properties/9972e0224ec65fe016e2703e8576475a_images.jpg
22784.jpg,http://assets.myntassets.com/v1/images/style/properties/8c63416cd819dd9cc23ddd3e51751c0e_images.jpg
23350.jpg,http://assets.myntassets.com/v1/images/style/properties/1a09d23cd315b36b1533d4720eb61fcb_images.jpg
11347.jpg,http://assets.myntassets.com/v1/images/style/properties/73c2b0fbfaa86d7a08b668b2e045a455_images.jpg
51430.jpg,http://assets.myntassets.com/v1/images/style/properties/4e6e5fd4386c5118d6c593c6afd46445_images.jpg
50641.jpg,http://assets.myntassets.com/v1/images/style/properties/178e969f78f7fdc5f2c953fec50b9fc2_images.jpg
59973.jpg,http://assets.myntassets.com/v1/images/style/properties/Avirate-Women-Navy-Blue-Dress_d3209a1b11585a2236ae82ca26afe063_images.jpg
1607.jpg,http://assets.myntassets.com/v1/images/style/properties/b9828d5eb23f75d6cb4ba5a66f292b83_images.jpg
4938.jpg,http://assets.myntassets.com/v1/images/style/properties/3c7c7561c9034dc74f7fb7bdfab8021d_images.jpg
2307.jpg,http://assets.myntassets.com/v1/images/style/properties/e7a1546df24d647774b07238c388cbdc_images.jpg
2838.jpg,http://assets.myntassets.com/v1/images/style/properties/fcf596c706c85dbbdbf195f0f3ef1dbb_images.jpg
45534.jpg,http://assets.myntassets.com/v1/images/style/properties/ba0bcbb704593405fb5ca6d8750e4b8d_images.jpg
13051.jpg,http://assets.myntassets.com/v1/images/style/properties/52fcf89014f2a8685079c73625c8ba54_images.jpg
50327.jpg,http://assets.myntassets.com/v1/images/style/properties/Aurelia-Women-Brown-and-White-Kurta_377dd1e56044c77558682151acd18371_images.jpg
50865.jpg,http://assets.myntassets.com/v1/images/style/properties/a2a47f3486722033e34848e92fdff897_images.jpg
8450.jpg,http://assets.myntassets.com/v1/images/style/properties/e99cb24d957f83e1bd73923d6b30b791_images.jpg
8897.jpg,http://assets.myntassets.com/v1/images/style/properties/e65985009c26ecbe04a732d369dc2b26_images.jpg
15183.jpg,http://assets.myntassets.com/v1/images/style/properties/db17dc0e9174638e56e88d7b1c7f7978_images.jpg
58724.jpg,http://assets.myntassets.com/v1/images/style/properties/Puma-Men-Blue-T-shirt_176a0e496d3a740bf2085a81eceb647a_images.jpg
32638.jpg,http://assets.myntassets.com/v1/images/style/properties/33a073cd0e145427929fffda8903e07b_images.jpg
10470.jpg,http://assets.myntassets.com/v1/images/style/properties/7312f2cadd3ac4857aa69fb8757eee56_images.jpg
58805.jpg,http://assets.myntassets.com/v1/images/style/properties/Highlander-Men-Navy-Blue---White-Check-Shirt_4aba62c367ed88776f7236d53a208e52_images.jpg
3862.jpg,http://assets.myntassets.com/v1/images/style/properties/f0821998577bbc97a75fa2484244d670_images.jpg
27883.jpg,http://assets.myntassets.com/v1/images/style/properties/678a1d2dfc786e7b0ed966a151d5ca92_images.jpg
45632.jpg,http://assets.myntassets.com/v1/images/style/properties/Park-Avenue-Men-Grey-Melange-Briefs_56048ac754f2ffdf53d4bd5d72fe66f6_images.jpg
5885.jpg,http://assets.myntassets.com/v1/images/style/properties/b32ac929b74713ea84930e79d7530e86_images.jpg
6776.jpg,http://assets.myntassets.com/v1/images/style/properties/9be4dc49eea0c522dcd319f7cfee29fb_images.jpg
11522.jpg,http://assets.myntassets.com/v1/images/style/properties/7d19265503346547ed2e3cddb52eae69_images.jpg
8613.jpg,http://assets.myntassets.com/v1/images/style/properties/cb541d6e23b62477c1ce58f3d236e6f4_images.jpg
34393.jpg,http://assets.myntassets.com/v1/images/style/properties/146882cb3c3fd806a8937a60aacde917_images.jpg
38804.jpg,http://assets.myntassets.com/v1/images/style/properties/eb0120cfefcfc508a54ed52226fce4fb_images.jpg
13624.jpg,http://assets.myntassets.com/v1/images/style/properties/b53759399455ed8a2e526d94ba7a2c51_images.jpg
44578.jpg,http://assets.myntassets.com/v1/images/style/properties/d0895f84b5a1d87d5b87d448c517009b_images.jpg
52421.jpg,http://assets.myntassets.com/v1/images/style/properties/Red-Rose-Women-Multi-Coloured-Nightdress_1840ce19b4541c7604f4f8fd6ac52851_images.jpg
17931.jpg,http://assets.myntassets.com/v1/images/style/properties/a22155709b180ea261b5ed0632ffadb0_images.jpg
36819.jpg,http://assets.myntassets.com/v1/images/style/properties/2dfd21c131611df4fb297e4fe235755f_images.jpg
22064.jpg,http://assets.myntassets.com/v1/images/style/properties/ba5fd95e6f37d268e38b6f8ea2e0f7ee_images.jpg
50448.jpg,http://assets.myntassets.com/v1/images/style/properties/2635676adcb825c7b9156d856ff219d1_images.jpg
39219.jpg,http://assets.myntassets.com/v1/images/style/properties/d16b5c1f00a5c9ffff80ffcbba48aabd_images.jpg
13947.jpg,http://assets.myntassets.com/v1/images/style/properties/5dd10f7ce26051e6d08d1e8155669825_images.jpg
23158.jpg,http://assets.myntassets.com/v1/images/style/properties/d0948a6ee88eb997010fdc7a46ad5b37_images.jpg
8751.jpg,http://assets.myntassets.com/v1/images/style/properties/f4f2601d09905996968681c6a79b1b80_images.jpg
24604.jpg,http://assets.myntassets.com/v1/images/style/properties/a690f3cfc3f1922a82215b8b17d00153_images.jpg
37281.jpg,http://assets.myntassets.com/v1/images/style/properties/9268ca2aa46c58421c91ac63eec7e911_images.jpg
18303.jpg,http://assets.myntassets.com/v1/images/style/properties/d289c4785edd2f771a80d6dde115ecdd_images.jpg
33297.jpg,http://assets.myntassets.com/v1/images/style/properties/ac0e75298fb58d06c3b4cb3d379afbc1_images.jpg
16551.jpg,http://assets.myntassets.com/v1/images/style/properties/658bb721930ccb1ce458420ed7b97838_images.jpg
23211.jpg,http://assets.myntassets.com/v1/images/style/properties/f1e2d032a2a793e7d70eb44972a3f1e9_images.jpg
15772.jpg,http://assets.myntassets.com/v1/images/style/properties/3d704d97ac122c95f7e9d83d866ad1d3_images.jpg
26160.jpg,http://assets.myntassets.com/v1/images/style/properties/540b6dcf62a6250472ad23d8e879fea0_images.jpg
19162.jpg,http://assets.myntassets.com/v1/images/style/properties/d8ff9373a1e7e8765816a9a8680bf152_images.jpg
3534.jpg,http://assets.myntassets.com/v1/images/style/properties/2a09216723dc52a345f4b19213147e0d_images.jpg
11584.jpg,http://assets.myntassets.com/v1/images/style/properties/54b5b64a7fc652da0f9a3581c7428386_images.jpg
2779.jpg,http://assets.myntassets.com/v1/images/style/properties/23a3cd399f6b7f80305df9c087d387ae_images.jpg
52121.jpg,http://assets.myntassets.com/v1/images/style/properties/09b29dc38e2411883faadfa83997ebc2_images.jpg
26941.jpg,http://assets.myntassets.com/v1/images/style/properties/7ec963cd30626e9552f49ee59da56bda_images.jpg
15115.jpg,http://assets.myntassets.com/v1/images/style/properties/4ced4eee819add454bd49014fcdd6292_images.jpg
31408.jpg,http://assets.myntassets.com/v1/images/style/properties/fa09d40273ebbf47aeae1633f750752f_images.jpg
22760.jpg,http://assets.myntassets.com/v1/images/style/properties/ecaf26af5a1d512051c9b8f1c6ec264d_images.jpg
39329.jpg,http://assets.myntassets.com/v1/images/style/properties/092ffa40994ee79053f16a7e93445890_images.jpg
18748.jpg,http://assets.myntassets.com/v1/images/style/properties/e4259cf9b951da8f1bbfacbab139cc34_images.jpg
22756.jpg,http://assets.myntassets.com/v1/images/style/properties/3f28c032ef1a67d98d477dcc4cae8683_images.jpg
51502.jpg,http://assets.myntassets.com/v1/images/style/properties/8cc02c9df60bb0aaa9ca109d4a8d36ed_images.jpg
12145.jpg,http://assets.myntassets.com/v1/images/style/properties/ec0adef6e2f3bad13cf4182c8d3e14d7_images.jpg
53419.jpg,http://assets.myntassets.com/v1/images/style/properties/Alma-Women-Blue-Kurta_0b73d4be49949c86c85a5bab3fe9e310_images.jpg
4796.jpg,http://assets.myntassets.com/v1/images/style/properties/27d58b879a5a7eeaffcc5b83be4202f4_images.jpg
36324.jpg,http://assets.myntassets.com/v1/images/style/properties/614274f2a5c4c257aeca49f28b448d9f_images.jpg
34585.jpg,http://assets.myntassets.com/v1/images/style/properties/64942f79e94dbc41a4fbc8e4310c12e4_images.jpg
14676.jpg,http://assets.myntassets.com/v1/images/style/properties/87fd2f1bca228ad427ce3a526b076677_images.jpg
52161.jpg,http://assets.myntassets.com/v1/images/style/properties/81ee97ce6e9fba58fb2cde7a2b067b49_images.jpg
28711.jpg,http://assets.myntassets.com/v1/images/style/properties/b91042733e530426b90278c7701bcc8a_images.jpg
8901.jpg,http://assets.myntassets.com/v1/images/style/properties/b07bfd1b2f9eec25e2449fd172a6741b_images.jpg
2142.jpg,http://assets.myntassets.com/v1/images/style/properties/db1e35bf3447356a4c98bffce11cda6f_images.jpg
31588.jpg,http://assets.myntassets.com/v1/images/style/properties/d6c2a243dd5227d7ae5d10156477c38a_images.jpg
32600.jpg,http://assets.myntassets.com/v1/images/style/properties/8bfbc6ea303e8b5cd5154aac444d6069_images.jpg
11472.jpg,http://assets.myntassets.com/v1/images/style/properties/b182b5970a77e8025938e00c40f11e26_images.jpg
31456.jpg,http://assets.myntassets.com/v1/images/style/properties/31115e77506737330483ade2eea8e0be_images.jpg
13337.jpg,http://assets.myntassets.com/v1/images/style/properties/3d97907434d89c766442e4926f4ca18e_images.jpg
3087.jpg,http://assets.myntassets.com/v1/images/style/properties/425ed3ba1afbd212f388395f0882dd8b_images.jpg
58701.jpg,http://assets.myntassets.com/v1/images/style/properties/ALayna-Women-Printed-White-Kurta_efea584d4642c88ccfe15f50a03aaabd_images.jpg
45561.jpg,http://assets.myntassets.com/v1/images/style/properties/FILA-Women-Pink-Printed-Top_56f50601ef369de70a3e4231a4a6f504_images.jpg
46406.jpg,http://assets.myntassets.com/v1/images/style/properties/e356b3bcd1675cdfc754d46a267c96e0_images.jpg
36744.jpg,http://assets.myntassets.com/v1/images/style/properties/076a9c14bd34ba5cd78012159e7d78fb_images.jpg
36498.jpg,http://assets.myntassets.com/v1/images/style/properties/ea727afadc77215288809fa9510f4c88_images.jpg
34983.jpg,http://assets.myntassets.com/v1/images/style/properties/Fabindia-Printed-Red-Cotton-Sari_f5bf5e301500ddda28fe746f8009e23a_images.jpg
13404.jpg,http://assets.myntassets.com/v1/images/style/properties/3c90133104b68f45595f394c1db518bc_images.jpg
14318.jpg,http://assets.myntassets.com/v1/images/style/properties/be043d6d4af53eb77a783fd1a644bc47_images.jpg
49963.jpg,http://assets.myntassets.com/v1/images/style/properties/Hanes-Men-Black-Pack-of-3-T-shirt_424f9c9fcdaa10ff2b4fe6b1fa6c18bd_images.jpg
54889.jpg,http://assets.myntassets.com/v1/images/style/properties/Do-u-speak-green-Men-Olive-Sweatshirt_27e0eebc7682c429801ddb781dc85e31_images.jpg
15644.jpg,http://assets.myntassets.com/v1/images/style/properties/97e776de3fa539f897996391f4428f8c_images.jpg
28697.jpg,http://assets.myntassets.com/v1/images/style/properties/7cc9d6974c744535b7343cc863082311_images.jpg
18575.jpg,http://assets.myntassets.com/v1/images/style/properties/b4c7041551ed93a66e1b457c5503e623_images.jpg
51815.jpg,http://assets.myntassets.com/v1/images/style/properties/68b9e6fd35c13dcd459110f278bcfe3c_images.jpg
46263.jpg,http://assets.myntassets.com/v1/images/style/properties/5cebbfe2c9c5e93bcb4562e1d935fadb_images.jpg
34018.jpg,http://assets.myntassets.com/v1/images/style/properties/117461ffe3d65d8af59c9df51a4d9cf9_images.jpg
11289.jpg,http://assets.myntassets.com/v1/images/style/properties/e4e6e6ab449f556a3878d6fa1eef1f86_images.jpg
36245.jpg,http://assets.myntassets.com/v1/images/style/properties/170639f319ec29d26882d0d979ef9a3e_images.jpg
27415.jpg,http://assets.myntassets.com/v1/image/style/properties/27415/Jockey-Women-Black-Relaxed-Capris_1_7b270f9769af6ad2d8fcf34cec277a40.jpg
32391.jpg,http://assets.myntassets.com/v1/images/style/properties/2a6bdd0ee960ee86ebbdb1c815e0159c_images.jpg
50583.jpg,http://assets.myntassets.com/v1/images/style/properties/Chromozome-Men-Grey-Pack-of-2-Briefs_fc946defcd425711c30c3ffdfe4aabc7_images.jpg
8361.jpg,http://assets.myntassets.com/v1/images/style/properties/d335032e77ab4c39f6df292e323741cc_images.jpg
6107.jpg,http://assets.myntassets.com/v1/images/style/properties/0fcbf880725f309a2d3675b3e0671407_images.jpg
11086.jpg,http://assets.myntassets.com/v1/images/style/properties/e3fcb59370aadd6bf1578854df311245_images.jpg
42261.jpg,http://assets.myntassets.com/v1/images/style/properties/b20dc9a855df011f5bdbca576517a0ce_images.jpg
10076.jpg,http://assets.myntassets.com/v1/images/style/properties/b70850d768383499cac7d0327a301656_images.jpg
8485.jpg,http://assets.myntassets.com/v1/images/style/properties/6240484e7e8c45cec0f6ba8b046e9575_images.jpg
59707.jpg,http://assets.myntassets.com/v1/images/style/properties/Avirate-Black-Brief_0ab8d521fb465902cff1245e7b6f69bc_images.jpg
11034.jpg,http://assets.myntassets.com/v1/images/style/properties/39f852b196a768c17163127561810d72_images.jpg
2001.jpg,http://assets.myntassets.com/v1/images/style/properties/7e1807f11ab8b45db5e51a9d834ba18b_images.jpg
27014.jpg,http://assets.myntassets.com/v1/images/style/properties/b36e396ad3b6c999677b8631b0a11ea0_images.jpg
29819.jpg,http://assets.myntassets.com/v1/images/style/properties/b21826908970b15f32c7b34d6699139a_images.jpg
21887.jpg,http://assets.myntassets.com/v1/images/style/properties/4f7104e4345eac9f14b173c8e70e04ef_images.jpg
39184.jpg,http://assets.myntassets.com/v1/images/style/properties/6812ea0c43f097354cc81057c30317e7_images.jpg
30923.jpg,http://assets.myntassets.com/v1/images/style/properties/e7d66f3c35f9a4ccba81cb32ed3cceb6_images.jpg
57353.jpg,http://assets.myntassets.com/v1/images/style/properties/Amante-Women-AmanteMushroomBra-Red-Bra_dc75399c3974b4e4c5dab4dc6c6231ad_images.jpg
53024.jpg,http://assets.myntassets.com/v1/images/style/properties/Fashion-N-Fabrics-Multi-Coloured-Sari_033b3942f769aba7ac4bcc1b2702a2f1_images.jpg
57378.jpg,http://assets.myntassets.com/v1/images/style/properties/Amante-Women-Pink-Brief_d947a6c6723473eb1490e897d73ab236_images.jpg
33139.jpg,http://assets.myntassets.com/v1/images/style/properties/612896ff89bab8dab5bd63de0fe53772_images.jpg
19324.jpg,http://assets.myntassets.com/v1/images/style/properties/3723f848081ab3d649bdc3aa4372bfc1_images.jpg
27436.jpg,http://assets.myntassets.com/v1/images/style/properties/Jockey-Women-Black-Racer-Back-Tank-Top-1467_18351f97d5cd178b7a57406257b51073_images.jpg
31368.jpg,http://assets.myntassets.com/v1/images/style/properties/Locomotive-White-T-Shirt_4edb297a814d287ec0b2e9506eb8831d_images.jpg
52918.jpg,http://assets.myntassets.com/v1/images/style/properties/Fashion-N-Fabrics-Purple-Sari_a54cd101efd93f0610a888c5f6815871_images.jpg
59301.jpg,http://assets.myntassets.com/v1/images/style/properties/US-Polo-Assn-Men-Olive-Shirt_e1640ff380a4e662815297425dc1e2a1_images.jpg
10499.jpg,http://assets.myntassets.com/v1/images/style/properties/8007457d59b1d3ca33c27f047c1d5cf5_images.jpg
3765.jpg,http://assets.myntassets.com/v1/images/style/properties/c4616edb3b85bade21f5856ea08d7269_images.jpg
39322.jpg,http://assets.myntassets.com/v1/images/style/properties/030e454fab11d1fe8c68b02d779e858b_images.jpg
28044.jpg,http://assets.myntassets.com/v1/images/style/properties/a8834fd46d5308b86d8f3b6bd7e62f5d_images.jpg
18750.jpg,http://assets.myntassets.com/v1/images/style/properties/95f6b29dc631acccb2e74abda55752b8_images.jpg
38976.jpg,http://assets.myntassets.com/v1/images/style/properties/49a94eb44e2e139e8cd78a153f4cbcef_images.jpg
22339.jpg,http://assets.myntassets.com/v1/images/style/properties/29b9cbf2c7ad1dfcf70204d679877f42_images.jpg
55822.jpg,http://assets.myntassets.com/v1/images/style/properties/SDL-by-Sweet-Dreams-Women-White-Pyjama-Set_5c50dc2882f1ccb113d8558d54eb5309_images.jpg
4378.jpg,http://assets.myntassets.com/v1/images/style/properties/39a09e4b18dc17980dcc6bb42f88a64f_images.jpg
16035.jpg,http://assets.myntassets.com/v1/images/style/properties/143fed3ba144756290bb9cb67771bd4e_images.jpg
15134.jpg,http://assets.myntassets.com/v1/images/style/properties/8457bd6018ceeb57d64e17662e38c8fe_images.jpg
29022.jpg,http://assets.myntassets.com/v1/images/style/properties/49d543a17288ff5e5f22882ee656d0fd_images.jpg
19684.jpg,http://assets.myntassets.com/v1/images/style/properties/4d0ac5593ff17938d2710c90b5700b32_images.jpg
3913.jpg,http://assets.myntassets.com/v1/images/style/properties/c996fd6b8526c87a73012fcb0cf969a7_images.jpg
28692.jpg,http://assets.myntassets.com/v1/images/style/properties/26d4536c8892c7bc85d5fe21fae542de_images.jpg
36275.jpg,http://assets.myntassets.com/v1/images/style/properties/52354f60453e67cce8d41c1b39b345f2_images.jpg
1604.jpg,http://assets.myntassets.com/v1/images/style/properties/8fd5171948a4e5a31236d3a5e2e2b2cb_images.jpg
23140.jpg,http://assets.myntassets.com/v1/images/style/properties/a4e88f07aa450cde29bedada5527e378_images.jpg
8848.jpg,http://assets.myntassets.com/v1/images/style/properties/fddc73ba8b5c2a8a9ca61780a0dda058_images.jpg
19465.jpg,http://assets.myntassets.com/v1/images/style/properties/315927e36a960ea3f43dc4db09caeb0b_images.jpg
13737.jpg,http://assets.myntassets.com/v1/images/style/properties/e231cbdff0afa20d99637c80ead5c83e_images.jpg
6575.jpg,http://assets.myntassets.com/v1/images/style/properties/13ca041a791d2404a7af1221723510a2_images.jpg
58731.jpg,http://assets.myntassets.com/v1/images/style/properties/Puma-Men-Pink-T-shirt_28e233284b4d471b375ea4e358a26113_images.jpg
23084.jpg,http://assets.myntassets.com/v1/images/style/properties/689953eabb83862c6f2eda84155f8fb1_images.jpg
3788.jpg,http://assets.myntassets.com/v1/images/style/properties/c4e6b070e89840f73eb03d5c1df6e3ea_images.jpg
24923.jpg,http://assets.myntassets.com/v1/images/style/properties/1bbd4355215c3e6d70b944fcb7892879_images.jpg
16823.jpg,http://assets.myntassets.com/v1/images/style/properties/bad21a032280cedd39b6ac3e64c2749c_images.jpg
14735.jpg,http://assets.myntassets.com/v1/images/style/properties/b990c43cdfb14e08f1d2f578e7fcaca3_images.jpg
26293.jpg,http://assets.myntassets.com/v1/images/style/properties/69eac7fadd6d42c95f28a2580b93287f_images.jpg
41012.jpg,http://assets.myntassets.com/v1/images/style/properties/ba61e977db51a300f6720ba3730d8d75_images.jpg
26239.jpg,http://assets.myntassets.com/v1/images/style/properties/4b5112ff6fdfdac74a63cf3204be4dca_images.jpg
18716.jpg,http://assets.myntassets.com/v1/images/style/properties/0f9ce538b01bc50d180f355880360464_images.jpg
17628.jpg,http://assets.myntassets.com/v1/images/style/properties/356e4893851cb25f6a9fba5b6cb138c1_images.jpg
13093.jpg,http://assets.myntassets.com/v1/images/style/properties/8b48bf47bcee69a96ee4b312225b2ed9_images.jpg
42559.jpg,http://assets.myntassets.com/v1/images/style/properties/d72ff6618704e66da5292262680b14c5_images.jpg
19815.jpg,http://assets.myntassets.com/v1/images/style/properties/87c530003373c760b3e939a23fa25441_images.jpg
2956.jpg,http://assets.myntassets.com/v1/images/style/properties/1f63907f8cff29521c7888da52d82033_images.jpg
13297.jpg,http://assets.myntassets.com/v1/images/style/properties/0e30cbb93fb8128966c71d197b1c0e34_images.jpg
18739.jpg,http://assets.myntassets.com/v1/images/style/properties/042d5693fd7034abd5e39c3cd92e3673_images.jpg
21145.jpg,http://assets.myntassets.com/v1/images/style/properties/9795ab6d300c035f12502e418a8522fe_images.jpg
12665.jpg,http://assets.myntassets.com/v1/images/style/properties/f100b10dc0f67200d12eb3c3c982cb2e_images.jpg
13460.jpg,http://assets.myntassets.com/v1/images/style/properties/e2cd473b473f5418aa6a1a045f117249_images.jpg
4818.jpg,http://assets.myntassets.com/v1/images/style/properties/da2a63fddb0432f4583c823ba7817c22_images.jpg
6156.jpg,http://assets.myntassets.com/v1/images/style/properties/3aa1850ca95e8e0da31824e6fe545db3_images.jpg
21022.jpg,http://assets.myntassets.com/v1/images/style/properties/31f08d9edfcdad30b609458bff19faf8_images.jpg
13864.jpg,http://assets.myntassets.com/v1/images/style/properties/41e5c9d8d345718730d8436683acd60b_images.jpg
15190.jpg,http://assets.myntassets.com/v1/images/style/properties/a6ab5734b8794b53692fc7b1b367fee0_images.jpg
50660.jpg,http://assets.myntassets.com/v1/images/style/properties/197fdcb3fa681c4f16bf23697c8709e5_images.jpg
44668.jpg,http://assets.myntassets.com/v1/images/style/properties/15ecc029acd38037dff2e46696476832_images.jpg
56282.jpg,http://assets.myntassets.com/v1/images/style/properties/Biara-Black-Everyday-Support-Bra_ae19d7140fafca892f51851fdbf00b7a_images.jpg
52056.jpg,http://assets.myntassets.com/v1/images/style/properties/Myntra-Men-Purple-T-shirt_b941cd78e55ac352efea1ee5fbadfc14_images.jpg
25775.jpg,http://assets.myntassets.com/v1/images/style/properties/Lino-Perros-Men-Black-Suspenders_4b737d6a4351d9e190e9ea7fa4f2122b_images.jpg
33252.jpg,http://assets.myntassets.com/v1/images/style/properties/75257ff08fff5c6958ce2c35feaacce8_images.jpg
49949.jpg,http://assets.myntassets.com/v1/images/style/properties/Hanes-Men-Grey-Melange-Shorts_18fb4977ed58fec688842b57f7a51fbd_images.jpg
2300.jpg,http://assets.myntassets.com/v1/images/style/properties/a69a030fa85fef1fea004add95c4f996_images.jpg
2681.jpg,http://assets.myntassets.com/v1/images/style/properties/33797259d64ddb9e4498117f6aee8d9b_images.jpg
21141.jpg,http://assets.myntassets.com/v1/images/style/properties/a524efbc6f105ae17f04b747fb05b691_images.jpg
34146.jpg,http://assets.myntassets.com/v1/images/style/properties/fbe4f84b67dfe5c71e8b1f4a424e1d3e_images.jpg
11051.jpg,http://assets.myntassets.com/v1/images/style/properties/e0ab49522e32adbd73df3994249d5537_images.jpg
12065.jpg,http://assets.myntassets.com/v1/images/style/properties/c65a46b38675e606ea99676e002dde74_images.jpg
1984.jpg,http://assets.myntassets.com/v1/images/style/properties/3d1c2533c78618aaf8c8229ade3f42fd_images.jpg
4977.jpg,http://assets.myntassets.com/v1/images/style/properties/b3565ae2fd12b13a31b1ca7b52e6fe53_images.jpg
18937.jpg,http://assets.myntassets.com/v1/images/style/properties/750fe8889fa8a2a8c141b9a5fb922071_images.jpg
18249.jpg,http://assets.myntassets.com/v1/images/style/properties/7851bc6d71d0ce964b5ca72a0225942e_images.jpg
12345.jpg,http://assets.myntassets.com/assets/images/productimage/2018/8/7/d6e589cb-e4ae-414a-8408-b80fd9557b7d1533640688246-1.jpg
27279.jpg,http://assets.myntassets.com/v1/images/style/properties/b11b94d5243d093905e5a5b20cfd4880_images.jpg
